,Pace,Candence,real_sourceName,pred_sourceName
0,1.0494428463411092,1.824743390083313,1,1
1,0.8220268674432917,1.7593461275100708,1,0
2,0.8264954579651435,1.758966088294983,1,1
3,0.6649391936909893,1.824743390083313,1,1
4,0.8160797534970496,1.723325490951538,0,0
5,0.811054640851055,1.7408766746520996,0,0
6,0.7811227956833706,1.9455764293670652,0,0
7,0.7997413156657632,1.7830454111099243,0,0
8,0.8051174883283623,1.7628519535064695,0,0
9,0.8191783776034914,1.7917892932891846,1,1
10,0.7806311970312814,1.9448171854019165,0,0
11,0.7750031396937311,1.9463409185409544,0,0
12,0.82469293618555,1.8123694658279417,1,1
13,0.8793062684246957,1.758966088294983,1,1
14,0.7896262126915022,1.853999137878418,0,0
15,0.8200989246086601,1.7704832553863523,1,1
16,0.8429784253565001,1.763836145401001,1,1
17,0.9778363287678024,1.9334325790405276,1,1
18,0.8169409421475857,1.7593461275100708,1,0
19,0.8086558559140538,1.7991175651550293,1,1
